{"cameraMode":{"drawMode":0,"name":"Shaded","section":"Shading Mode"},"sceneLighting":false,"audioPlay":false,"sceneViewState":{"showFog":true,"showMaterialUpdate":true,"showSkybox":true,"showFlares":true,"showImageEffects":true,"showParticleSystems":true},"in2DMode":false,"pivot":{"x":8.120373725891114,"y":-4.807689666748047,"z":26.888587951660158},"rotation":{"x":0.6812066435813904,"y":-0.0011055211070924998,"z":0.0010120045626536012,"w":0.7321039438247681},"size":23.27490234375,"orthographic":false}