{"cameraMode":{"drawMode":0,"name":"Shaded","section":"Shading Mode"},"sceneLighting":false,"audioPlay":false,"sceneViewState":{"showFog":true,"showMaterialUpdate":true,"showSkybox":false,"showFlares":true,"showImageEffects":true,"showParticleSystems":true},"in2DMode":false,"pivot":{"x":-0.20232939720153809,"y":0.4766271114349365,"z":1.591265320777893},"rotation":{"x":0.21431538462638856,"y":0.49173110723495486,"z":-0.12629292905330659,"w":0.8344613313674927},"size":2.4073948860168459,"orthographic":false}